{"test": 0.6549707602339181, "train_time": 0.9251608848571777, "test_time": 0.17252087593078613}